{
    "accuracy": 0.9079804560260586,
    "precision": 0.9004770657485384,
    "recall": 0.9213457733266976,
    "specificity": 0.9633659412319396,
    "f1": 0.9083852972030683,
    "confusion_matrix": [
        [
            146,
            0,
            6,
            22
        ],
        [
            0,
            14,
            0,
            0
        ],
        [
            11,
            2,
            547,
            51
        ],
        [
            1,
            0,
            20,
            408
        ]
    ],
    "classification_report": "precision    recall  f1-score   support\n\n     Mild_Demented     0.9241    0.8391    0.8795       174\n Moderate_Demented     0.8750    1.0000    0.9333        14\n      Non_Demented     0.9546    0.8953    0.9240       611\nVery_Mild_Demented     0.8482    0.9510    0.8967       429\n\n          accuracy                         0.9080      1228\n         macro avg     0.9005    0.9213    0.9084      1228\n      weighted avg     0.9122    0.9080    0.9083      1228\n"
}